,precision,recall,f1-score,support
0,0.8913043478260869,0.7884615384615384,0.8367346938775511,52.0
1,0.7444444444444445,0.8170731707317073,0.7790697674418605,82.0
2,0.863013698630137,0.84,0.8513513513513513,75.0
accuracy,0.8181818181818182,0.8181818181818182,0.8181818181818182,0.8181818181818182
macro avg,0.8329208303002228,0.8151782363977486,0.8223852708902543,209.0
weighted avg,0.8235325259744556,0.8181818181818182,0.8193553892976869,209.0
