,precision,recall,f1-score,support
0,0.9663865546218487,0.8582089552238806,0.9090909090909091,134.0
1,0.7888888888888889,0.9466666666666667,0.8606060606060606,75.0
accuracy,0.8899521531100478,0.8899521531100478,0.8899521531100478,0.8899521531100478
macro avg,0.8776377217553688,0.9024378109452736,0.8848484848484848,209.0
weighted avg,0.9026912200286812,0.8899521531100478,0.8916920400173989,209.0
