,precision,recall,f1-score,support
0,0.8865248226950354,0.9328358208955224,0.9090909090909091,134.0
1,0.8676470588235294,0.7866666666666666,0.8251748251748252,75.0
accuracy,0.8803827751196173,0.8803827751196173,0.8803827751196173,0.8803827751196173
macro avg,0.8770859407592824,0.8597512437810946,0.8671328671328671,209.0
weighted avg,0.8797505055162652,0.8803827751196173,0.8789774818482953,209.0
